,time,cloudCover,sunriseTime,sunsetTime,temperatureHigh,temperatureLow,temperatureMin,temperatureMax,visibility,longitude,latitude
30,1422658800.0,0.7,29983.0,62481.0,38.49,32.25,32.1,38.49,3.28,6.0221493,52.2132321
29,1422572400.0,0.86,30075.0,62370.0,36.65,32.48,31.7,36.65,3.29,6.0221493,52.2132321
28,1422486000.0,0.76,30164.0,62259.0,37.8,32.07,33.58,38.28,4.55,6.0221493,52.2132321
27,1422399600.0,0.85,30250.0,62148.0,42.58,34.71,37.38,42.58,4.46,6.0221493,52.2132321
26,1422313200.0,0.7,30335.0,62039.0,43.12,36.98,36.53,43.12,5.89,6.0221493,52.2132321
25,1422226800.0,0.95,30417.0,61930.0,44.42,36.53,37.9,44.42,2.95,6.0221493,52.2132321
24,1422140400.0,0.82,30497.0,61822.0,39.18,37.9,30.95,39.18,2.63,6.0221493,52.2132321
22,1421967600.0,0.93,30650.0,61608.0,30.67,28.66,26.89,30.67,1.95,6.0221493,52.2132321
21,1421881200.0,0.77,30723.0,61503.0,32.74,26.89,27.54,32.74,3.15,6.0221493,52.2132321
20,1421794800.0,0.75,30793.0,61398.0,35.23,27.54,29.27,35.23,4.65,6.0221493,52.2132321
19,1421708400.0,0.81,30860.0,61295.0,37.56,30.99,31.63,37.56,2.8,6.0221493,52.2132321
18,1421622000.0,0.97,30925.0,61194.0,35.03,32.56,33.17,35.03,2.28,6.0221493,52.2132321
17,1421535600.0,0.93,30987.0,61093.0,36.62,33.17,34.53,36.62,3.52,6.0221493,52.2132321
16,1421449200.0,0.46,31047.0,60994.0,41.73,35.51,31.83,41.73,4.93,6.0221493,52.2132321
15,1421362800.0,0.53,31103.0,60897.0,46.63,31.83,38.64,46.63,6.22,6.0221493,52.2132321
14,1421276400.0,0.88,31157.0,60801.0,48.61,39.95,39.32,48.61,5.98,6.0221493,52.2132321
13,1421190000.0,0.83,31208.0,60707.0,40.04,37.14,37.14,43.58,6.22,6.0221493,52.2132321
12,1421103600.0,0.78,31255.0,60615.0,49.64,38.49,43.57,49.64,5.24,6.0221493,52.2132321
11,1421017200.0,0.96,31300.0,60525.0,50.57,47.35,43.41,50.57,5.55,6.0221493,52.2132321
10,1420930800.0,0.75,31342.0,60436.0,43.58,41.75,38.6,43.58,6.06,6.0221493,52.2132321
9,1420844400.0,0.83,31380.0,60350.0,54.14,38.6,41.22,55.3,5.53,6.0221493,52.2132321
8,1420758000.0,0.89,31416.0,60266.0,51.85,45.11,41.92,53.4,5.14,6.0221493,52.2132321
7,1420671600.0,0.8,31448.0,60184.0,46.09,41.27,38.18,46.09,4.66,6.0221493,52.2132321
6,1420585200.0,0.65,31477.0,60105.0,44.27,37.99,35.24,44.27,4.16,6.0221493,52.2132321
5,1420498800.0,0.81,31503.0,60027.0,40.34,35.24,34.41,41.16,5.61,6.0221493,52.2132321
4,1420412400.0,0.83,31525.0,59953.0,39.43,36.49,33.3,40.68,3.09,6.0221493,52.2132321
3,1420326000.0,0.35,31544.0,59881.0,44.55,33.3,34.21,44.55,6.09,6.0221493,52.2132321
2,1420239600.0,0.87,31560.0,59811.0,39.53,34.96,36.92,40.49,4.87,6.0221493,52.2132321
1,1420153200.0,0.76,31572.0,59745.0,47.13,38.23,38.42,47.13,5.57,6.0221493,52.2132321
0,1420066800.0,0.51,31581.0,59681.0,39.35,38.19,33.61,39.35,4.6,6.0221493,52.2132321
58,1425078000.0,0.62,26767.0,65626.0,49.3,41.74,32.34,49.3,5.9,6.0221493,52.2132321
57,1424991600.0,0.63,26898.0,65516.0,46.45,32.34,33.85,46.45,5.94,6.0221493,52.2132321
56,1424905200.0,0.98,27029.0,65406.0,48.04,39.47,38.58,48.04,2.42,6.0221493,52.2132321
55,1424818800.0,0.63,27158.0,65296.0,46.55,38.58,34.09,46.55,5.09,6.0221493,52.2132321
54,1424732400.0,0.84,27287.0,65186.0,46.27,34.09,38.05,46.27,6.22,6.0221493,52.2132321
53,1424646000.0,0.79,27415.0,65075.0,48.44,38.05,35.66,48.44,5.59,6.0221493,52.2132321
52,1424559600.0,0.67,27541.0,64964.0,40.61,35.66,31.5,40.61,3.32,6.0221493,52.2132321
51,1424473200.0,0.82,27667.0,64853.0,38.9,31.5,33.55,42.34,5.0,6.0221493,52.2132321
50,1424386800.0,0.81,27791.0,64741.0,42.99,36.31,37.71,42.99,4.27,6.0221493,52.2132321
49,1424300400.0,0.85,27915.0,64629.0,43.69,37.71,32.82,43.69,3.07,6.0221493,52.2132321
48,1424214000.0,0.85,28037.0,64517.0,42.88,32.82,29.8,42.88,1.92,6.0221493,52.2132321
47,1424127600.0,0.79,28158.0,64404.0,44.56,29.8,32.06,44.56,2.15,6.0221493,52.2132321
46,1424041200.0,0.28,28277.0,64292.0,45.94,33.65,27.12,45.94,2.54,6.0221493,52.2132321
45,1423954800.0,0.32,28396.0,64179.0,40.62,27.12,32.28,41.4,3.46,6.0221493,52.2132321
44,1423868400.0,0.76,28513.0,64066.0,50.02,33.57,39.56,50.02,6.09,6.0221493,52.2132321
43,1423782000.0,0.37,28628.0,63952.0,46.86,39.56,30.95,46.86,3.75,6.0221493,52.2132321
42,1423695600.0,0.73,28743.0,63839.0,39.6,30.95,33.25,39.6,1.24,6.0221493,52.2132321
41,1423609200.0,0.92,28855.0,63725.0,40.62,33.42,35.26,41.14,4.47,6.0221493,52.2132321
40,1423522800.0,0.94,28966.0,63612.0,44.39,39.67,40.67,44.39,4.68,6.0221493,52.2132321
39,1423436400.0,0.96,29076.0,63498.0,44.06,40.67,39.2,44.06,4.59,6.0221493,52.2132321
38,1423350000.0,0.83,29184.0,63385.0,42.2,37.71,37.71,42.2,5.96,6.0221493,52.2132321
37,1423263600.0,0.68,29290.0,63271.0,39.85,38.75,24.1,39.89,4.08,6.0221493,52.2132321
36,1423177200.0,0.32,29395.0,63157.0,36.16,24.1,28.17,36.16,6.06,6.0221493,52.2132321
35,1423090800.0,0.83,29498.0,63044.0,33.62,28.17,27.65,33.62,5.26,6.0221493,52.2132321
34,1423004400.0,0.67,29599.0,62931.0,38.63,27.65,27.85,38.63,5.41,6.0221493,52.2132321
33,1422918000.0,0.74,29698.0,62818.0,41.09,29.06,31.85,41.09,3.41,6.0221493,52.2132321
32,1422831600.0,0.74,29795.0,62705.0,38.69,32.02,32.02,38.69,5.69,6.0221493,52.2132321
31,1422745200.0,0.87,29890.0,62593.0,39.43,32.82,32.36,39.43,2.6,6.0221493,52.2132321
89,1427752800.0,0.83,26072.0,72480.0,51.41,38.48,40.35,51.41,5.57,6.0221493,52.2132321
88,1427666400.0,0.76,26212.0,72377.0,47.78,40.35,42.97,47.78,6.22,6.0221493,52.2132321
87,1427583600.0,0.93,22747.0,68679.0,51.0,43.02,44.9,51.62,5.3,6.0221493,52.2132321
86,1427497200.0,0.68,22888.0,68576.0,50.18,48.82,30.17,50.96,3.8,6.0221493,52.2132321
85,1427410800.0,0.8,23029.0,68473.0,46.52,30.17,37.81,46.52,6.06,6.0221493,52.2132321
84,1427324400.0,0.86,23170.0,68370.0,45.11,40.65,38.07,45.11,4.92,6.0221493,52.2132321
83,1427238000.0,0.91,23311.0,68267.0,43.64,38.07,40.92,43.99,2.08,6.0221493,52.2132321
82,1427151600.0,0.52,23452.0,68164.0,52.91,40.92,30.71,52.91,4.11,6.0221493,52.2132321
81,1427065200.0,0.31,23593.0,68060.0,51.68,30.71,29.65,51.68,5.39,6.0221493,52.2132321
80,1426978800.0,0.58,23734.0,67957.0,49.13,29.65,33.9,49.13,6.22,6.0221493,52.2132321
79,1426892400.0,0.86,23875.0,67853.0,49.77,37.17,37.3,49.77,4.1,6.0221493,52.2132321
78,1426806000.0,0.82,24016.0,67749.0,48.11,36.33,34.36,48.11,1.33,6.0221493,52.2132321
77,1426719600.0,0.74,24157.0,67646.0,51.6,34.36,38.07,51.6,2.03,6.0221493,52.2132321
76,1426633200.0,0.51,24298.0,67541.0,56.27,41.59,35.61,56.27,2.46,6.0221493,52.2132321
75,1426546800.0,0.4,24438.0,67437.0,64.03,35.61,33.5,64.03,4.39,6.0221493,52.2132321
74,1426460400.0,0.48,24579.0,67333.0,55.46,33.5,35.61,55.46,4.37,6.0221493,52.2132321
73,1426374000.0,0.98,24719.0,67228.0,44.44,35.61,39.84,44.44,5.31,6.0221493,52.2132321
72,1426287600.0,0.76,24859.0,67123.0,40.93,39.85,33.05,40.93,5.25,6.0221493,52.2132321
71,1426201200.0,0.48,24998.0,67018.0,47.43,33.05,32.62,47.43,5.38,6.0221493,52.2132321
70,1426114800.0,0.24,25137.0,66913.0,56.92,32.62,30.0,56.92,5.67,6.0221493,52.2132321
69,1426028400.0,0.58,25276.0,66807.0,49.89,30.0,31.44,49.89,3.55,6.0221493,52.2132321
68,1425942000.0,0.57,25414.0,66701.0,54.15,31.44,37.01,54.15,4.51,6.0221493,52.2132321
67,1425855600.0,0.98,25552.0,66595.0,52.12,45.33,45.12,52.12,4.48,6.0221493,52.2132321
66,1425769200.0,0.35,25690.0,66489.0,63.79,45.12,41.1,63.79,6.14,6.0221493,52.2132321
65,1425682800.0,0.5,25827.0,66382.0,56.14,41.1,39.23,56.14,6.22,6.0221493,52.2132321
64,1425596400.0,0.81,25963.0,66275.0,47.38,39.23,39.22,47.38,6.22,6.0221493,52.2132321
63,1425510000.0,0.73,26099.0,66167.0,49.07,39.15,33.52,49.07,4.63,6.0221493,52.2132321
62,1425423600.0,0.67,26234.0,66060.0,44.21,33.52,35.14,44.21,6.22,6.0221493,52.2132321
60,1425250800.0,0.58,26502.0,65843.0,46.7,36.29,36.86,46.7,6.06,6.0221493,52.2132321
59,1425164400.0,0.78,26635.0,65735.0,51.57,37.56,41.74,51.57,5.82,6.0221493,52.2132321
119,1430344800.0,0.73,22141.0,75580.0,56.49,37.8,44.66,56.49,5.87,6.0221493,52.2132321
118,1430258400.0,0.61,22259.0,75477.0,56.99,44.66,37.39,56.99,6.22,6.0221493,52.2132321
117,1430172000.0,0.44,22377.0,75374.0,53.09,37.39,30.95,53.09,6.22,6.0221493,52.2132321
116,1430085600.0,0.65,22497.0,75271.0,56.78,30.95,42.68,56.78,6.22,6.0221493,52.2132321
115,1429999200.0,0.85,22618.0,75168.0,57.12,44.37,48.33,57.12,4.87,6.0221493,52.2132321
114,1429912800.0,0.79,22740.0,75065.0,58.14,48.83,49.99,58.14,5.14,6.0221493,52.2132321
113,1429826400.0,0.37,22864.0,74961.0,70.46,49.99,38.11,70.46,5.65,6.0221493,52.2132321
112,1429740000.0,0.59,22988.0,74857.0,62.68,38.11,41.06,62.68,6.14,6.0221493,52.2132321
111,1429653600.0,0.48,23114.0,74754.0,58.19,41.06,38.36,58.19,5.22,6.0221493,52.2132321
110,1429567200.0,0.35,23240.0,74650.0,66.71,38.36,40.11,66.71,5.64,6.0221493,52.2132321
109,1429480800.0,0.27,23368.0,74546.0,66.78,40.11,39.22,66.78,6.16,6.0221493,52.2132321
108,1429394400.0,0.31,23496.0,74443.0,60.54,39.22,33.59,60.54,6.09,6.0221493,52.2132321
107,1429308000.0,0.31,23626.0,74339.0,59.91,33.59,36.94,59.91,6.22,6.0221493,52.2132321
106,1429221600.0,0.69,23756.0,74235.0,55.76,36.94,43.03,55.76,6.22,6.0221493,52.2132321
105,1429135200.0,0.74,23887.0,74132.0,56.71,43.03,45.61,56.71,5.29,6.0221493,52.2132321
104,1429048800.0,0.28,24019.0,74028.0,73.11,45.61,46.72,73.11,6.11,6.0221493,52.2132321
103,1428962400.0,0.44,24152.0,73925.0,69.25,46.72,40.46,69.25,6.19,6.0221493,52.2132321
102,1428876000.0,0.65,24285.0,73821.0,55.47,40.46,40.18,55.47,6.22,6.0221493,52.2132321
101,1428789600.0,0.49,24419.0,73718.0,59.79,40.18,40.01,59.79,6.22,6.0221493,52.2132321
100,1428703200.0,0.53,24554.0,73614.0,58.07,40.01,40.57,58.07,5.75,6.0221493,52.2132321
99,1428616800.0,0.27,24690.0,73511.0,69.7,47.46,37.4,69.7,4.05,6.0221493,52.2132321
98,1428530400.0,0.29,24826.0,73408.0,65.64,37.4,39.15,65.64,4.93,6.0221493,52.2132321
97,1428444000.0,0.78,24962.0,73304.0,58.55,39.15,43.95,58.55,4.57,6.0221493,52.2132321
96,1428357600.0,0.57,25099.0,73201.0,55.21,43.95,33.65,55.21,5.51,6.0221493,52.2132321
95,1428271200.0,0.79,25237.0,73098.0,53.58,33.65,38.4,53.58,6.22,6.0221493,52.2132321
94,1428184800.0,0.54,25375.0,72995.0,53.91,38.4,30.98,53.91,6.22,6.0221493,52.2132321
93,1428098400.0,0.83,25514.0,72892.0,48.27,30.98,37.83,48.27,6.22,6.0221493,52.2132321
92,1428012000.0,0.91,25653.0,72789.0,52.34,37.83,38.31,52.34,6.22,6.0221493,52.2132321
91,1427925600.0,0.83,25792.0,72686.0,46.92,38.31,38.69,46.92,6.22,6.0221493,52.2132321
90,1427839200.0,0.77,25932.0,72583.0,46.45,38.69,38.48,46.45,6.02,6.0221493,52.2132321
150,1433023200.0,0.88,19395.0,78413.0,63.14,46.44,45.42,63.14,5.47,6.0221493,52.2132321
149,1432936800.0,0.64,19449.0,78342.0,60.12,45.42,44.8,60.12,5.83,6.0221493,52.2132321
148,1432850400.0,0.74,19506.0,78268.0,61.99,44.8,44.77,61.99,6.22,6.0221493,52.2132321
147,1432764000.0,0.87,19566.0,78193.0,61.12,44.77,50.83,61.12,6.11,6.0221493,52.2132321
146,1432677600.0,0.73,19629.0,78116.0,65.73,54.29,44.49,65.73,6.22,6.0221493,52.2132321
145,1432591200.0,0.91,19694.0,78037.0,58.03,44.49,46.15,58.03,6.22,6.0221493,52.2132321
144,1432504800.0,0.89,19761.0,77956.0,61.16,46.15,51.39,61.16,5.54,6.0221493,52.2132321
143,1432418400.0,0.46,19831.0,77874.0,69.67,51.79,39.39,69.67,6.22,6.0221493,52.2132321
142,1432332000.0,0.85,19904.0,77790.0,61.14,39.39,50.7,61.14,5.93,6.0221493,52.2132321
141,1432245600.0,0.9,19979.0,77705.0,69.38,53.54,48.73,69.38,6.22,6.0221493,52.2132321
140,1432159200.0,0.58,20056.0,77618.0,64.25,48.73,40.83,64.25,5.93,6.0221493,52.2132321
139,1432072800.0,0.59,20136.0,77530.0,58.38,40.83,42.85,58.38,6.16,6.0221493,52.2132321
138,1431986400.0,0.78,20218.0,77440.0,55.85,42.85,46.63,55.85,6.14,6.0221493,52.2132321
137,1431900000.0,0.84,20302.0,77350.0,59.96,46.63,44.06,59.96,6.19,6.0221493,52.2132321
136,1431813600.0,0.78,20389.0,77258.0,62.76,44.06,41.0,62.76,6.22,6.0221493,52.2132321
135,1431727200.0,0.78,20477.0,77165.0,57.55,41.0,37.4,57.55,5.25,6.0221493,52.2132321
134,1431640800.0,0.46,20568.0,77071.0,62.11,37.4,41.89,62.11,6.22,6.0221493,52.2132321
133,1431554400.0,0.69,20660.0,76977.0,61.89,41.89,45.1,61.89,6.22,6.0221493,52.2132321
132,1431468000.0,0.56,20755.0,76881.0,65.91,45.1,46.86,65.91,6.06,6.0221493,52.2132321
131,1431381600.0,0.74,20851.0,76784.0,65.84,46.86,51.87,65.84,6.22,6.0221493,52.2132321
130,1431295200.0,0.61,20950.0,76687.0,79.83,57.26,50.74,79.83,6.22,6.0221493,52.2132321
129,1431208800.0,0.38,21050.0,76589.0,67.37,50.74,43.75,67.37,6.19,6.0221493,52.2132321
128,1431122400.0,0.89,21152.0,76490.0,61.07,43.75,53.82,61.07,6.22,6.0221493,52.2132321
127,1431036000.0,0.85,21255.0,76391.0,66.42,56.47,47.34,66.42,5.46,6.0221493,52.2132321
126,1430949600.0,0.75,21361.0,76291.0,61.01,47.34,49.29,61.01,5.53,6.0221493,52.2132321
125,1430863200.0,0.47,21468.0,76191.0,60.7,49.29,49.04,60.7,6.22,6.0221493,52.2132321
124,1430776800.0,0.63,21576.0,76090.0,70.85,49.04,51.49,70.85,6.06,6.0221493,52.2132321
123,1430690400.0,0.72,21686.0,75989.0,67.66,56.63,52.81,67.66,6.22,6.0221493,52.2132321
122,1430604000.0,0.82,21798.0,75887.0,62.96,52.81,43.92,62.96,6.09,6.0221493,52.2132321
121,1430517600.0,0.57,21911.0,75785.0,61.72,43.92,36.29,61.72,6.22,6.0221493,52.2132321
120,1430431200.0,0.45,22026.0,75683.0,56.83,36.29,37.8,56.83,6.19,6.0221493,52.2132321
180,1435615200.0,0.32,19170.0,79318.0,81.78,60.81,53.98,81.78,6.22,6.0221493,52.2132321
179,1435528800.0,0.69,19133.0,79332.0,76.66,53.98,57.53,76.66,6.09,6.0221493,52.2132321
178,1435442400.0,0.61,19099.0,79343.0,71.36,57.53,50.95,71.36,6.22,6.0221493,52.2132321
177,1435356000.0,0.64,19068.0,79351.0,72.65,50.95,60.48,72.65,6.22,6.0221493,52.2132321
176,1435269600.0,0.82,19040.0,79355.0,77.43,61.81,59.04,77.43,6.22,6.0221493,52.2132321
175,1435183200.0,0.53,19015.0,79357.0,76.59,59.04,53.51,76.59,6.11,6.0221493,52.2132321
174,1435096800.0,0.84,18993.0,79355.0,69.19,53.51,52.72,69.19,6.22,6.0221493,52.2132321
173,1435010400.0,0.84,18974.0,79350.0,56.45,52.72,47.61,56.45,4.93,6.0221493,52.2132321
172,1434924000.0,0.83,18958.0,79341.0,57.27,47.61,51.32,57.27,5.7,6.0221493,52.2132321
171,1434837600.0,0.84,18945.0,79330.0,64.3,53.61,53.65,64.3,5.88,6.0221493,52.2132321
170,1434751200.0,0.92,18935.0,79315.0,60.67,53.65,49.94,60.67,6.22,6.0221493,52.2132321
169,1434664800.0,0.83,18928.0,79297.0,57.72,49.94,52.09,57.72,6.03,6.0221493,52.2132321
168,1434578400.0,0.88,18925.0,79276.0,63.7,52.09,54.35,63.7,5.05,6.0221493,52.2132321
167,1434492000.0,0.45,18925.0,79252.0,72.56,58.96,43.91,72.56,6.06,6.0221493,52.2132321
166,1434405600.0,0.57,18927.0,79225.0,61.9,43.91,42.91,61.9,6.22,6.0221493,52.2132321
165,1434319200.0,0.6,18933.0,79195.0,67.73,42.91,52.36,67.73,6.22,6.0221493,52.2132321
164,1434232800.0,0.96,18943.0,79162.0,68.25,52.36,57.38,68.25,5.67,6.0221493,52.2132321
163,1434146400.0,0.72,18955.0,79126.0,72.19,57.61,61.78,72.19,6.22,6.0221493,52.2132321
162,1434060000.0,0.4,18970.0,79087.0,83.26,64.83,55.0,83.26,6.22,6.0221493,52.2132321
161,1433973600.0,0.37,18989.0,79045.0,77.31,55.0,48.02,77.31,6.22,6.0221493,52.2132321
160,1433887200.0,0.39,19011.0,79000.0,71.85,48.02,47.46,71.85,6.01,6.0221493,52.2132321
159,1433800800.0,0.7,19036.0,78953.0,61.02,47.46,45.9,61.02,6.22,6.0221493,52.2132321
158,1433714400.0,0.43,19064.0,78903.0,65.81,45.9,43.77,65.81,6.22,6.0221493,52.2132321
157,1433628000.0,0.32,19095.0,78850.0,68.7,43.77,47.61,68.7,6.22,6.0221493,52.2132321
156,1433541600.0,0.59,19129.0,78795.0,69.34,47.61,55.38,69.34,5.66,6.0221493,52.2132321
155,1433455200.0,0.45,19166.0,78737.0,90.8,59.29,54.1,90.8,6.16,6.0221493,52.2132321
154,1433368800.0,0.34,19206.0,78677.0,73.29,54.1,43.25,73.29,6.22,6.0221493,52.2132321
153,1433282400.0,0.8,19249.0,78614.0,64.86,43.25,54.05,64.86,6.22,6.0221493,52.2132321
152,1433196000.0,0.94,19295.0,78549.0,63.71,55.65,53.53,64.16,6.19,6.0221493,52.2132321
151,1433109600.0,0.75,19343.0,78482.0,62.64,54.75,46.44,62.64,5.9,6.0221493,52.2132321
211,1438293600.0,0.47,21374.0,77451.0,67.23,47.63,44.59,67.23,0.0,6.0221493,52.2132321
210,1438207200.0,0.49,21281.0,77548.0,63.85,44.59,50.62,63.85,0.0,6.0221493,52.2132321
209,1438120800.0,0.74,21189.0,77643.0,61.51,50.62,53.4,61.51,0.0,6.0221493,52.2132321
208,1438034400.0,0.79,21098.0,77735.0,65.84,53.4,56.75,65.84,0.0,6.0221493,52.2132321
207,1437948000.0,0.85,21008.0,77826.0,65.93,56.75,55.95,65.93,0.0,6.0221493,52.2132321
206,1437861600.0,0.49,20919.0,77914.0,70.13,55.95,49.8,70.13,0.0,6.0221493,52.2132321
205,1437775200.0,0.82,20831.0,78001.0,65.14,49.8,54.48,65.14,0.0,6.0221493,52.2132321
204,1437688800.0,0.87,20744.0,78085.0,77.12,61.92,58.67,77.12,0.0,6.0221493,52.2132321
203,1437602400.0,0.73,20658.0,78167.0,73.62,58.67,59.09,73.62,0.0,6.0221493,52.2132321
202,1437516000.0,0.61,20574.0,78246.0,73.86,59.09,61.05,73.86,0.0,6.0221493,52.2132321
201,1437429600.0,0.71,20490.0,78323.0,78.37,61.05,65.56,78.37,0.0,6.0221493,52.2132321
200,1437343200.0,0.68,20409.0,78398.0,72.08,65.56,52.55,72.08,0.0,6.0221493,52.2132321
199,1437256800.0,0.75,20328.0,78470.0,67.77,52.55,57.32,67.77,0.0,6.0221493,52.2132321
198,1437170400.0,0.71,20249.0,78540.0,73.61,57.32,60.03,73.61,0.0,6.0221493,52.2132321
197,1437084000.0,0.61,20172.0,78607.0,80.62,60.03,64.76,80.62,0.0,6.0221493,52.2132321
196,1436997600.0,0.59,20096.0,78672.0,78.51,64.76,59.01,78.51,0.0,6.0221493,52.2132321
195,1436911200.0,0.81,20022.0,78734.0,69.97,59.01,58.14,69.97,0.0,6.0221493,52.2132321
194,1436824800.0,0.9,19950.0,78794.0,70.3,58.14,61.47,70.3,0.0,6.0221493,52.2132321
193,1436738400.0,0.88,19880.0,78850.0,65.63,61.47,61.62,65.63,0.0,6.0221493,52.2132321
192,1436652000.0,0.88,19812.0,78904.0,67.41,61.62,60.18,67.41,0.0,6.0221493,52.2132321
191,1436565600.0,0.5,19745.0,78955.0,85.6,60.18,59.19,85.6,6.22,6.0221493,52.2132321
190,1436479200.0,0.31,19681.0,79003.0,75.37,59.19,46.8,75.37,6.22,6.0221493,52.2132321
189,1436392800.0,0.65,19619.0,79048.0,64.2,46.8,51.05,64.2,6.22,6.0221493,52.2132321
188,1436306400.0,0.83,19559.0,79090.0,64.15,51.05,58.85,64.83,5.93,6.0221493,52.2132321
187,1436220000.0,0.64,19502.0,79130.0,80.22,59.72,58.1,80.22,6.22,6.0221493,52.2132321
186,1436133600.0,0.45,19447.0,79166.0,75.75,58.1,58.23,75.75,6.22,6.0221493,52.2132321
185,1436047200.0,0.7,19394.0,79199.0,82.76,58.23,64.72,82.76,6.22,6.0221493,52.2132321
184,1435960800.0,0.51,19344.0,79229.0,92.58,64.72,69.82,92.58,6.16,6.0221493,52.2132321
183,1435874400.0,0.47,19296.0,79256.0,86.32,69.82,65.83,86.32,5.08,6.0221493,52.2132321
182,1435788000.0,0.51,19251.0,79280.0,97.27,65.83,71.0,97.27,6.16,6.0221493,52.2132321
181,1435701600.0,0.41,19209.0,79300.0,92.09,71.0,60.81,92.09,6.22,6.0221493,52.2132321
242,1440972000.0,0.73,24406.0,73733.0,82.54,60.75,64.7,82.54,0.0,6.0221493,52.2132321
241,1440885600.0,0.68,24307.0,73869.0,79.2,64.7,58.3,79.2,0.0,6.0221493,52.2132321
240,1440799200.0,0.42,24209.0,74004.0,76.86,58.3,49.77,76.86,0.0,6.0221493,52.2132321
239,1440712800.0,0.77,24110.0,74138.0,69.25,49.77,56.16,69.25,0.0,6.0221493,52.2132321
238,1440626400.0,0.79,24011.0,74271.0,63.49,56.16,57.18,65.62,0.0,6.0221493,52.2132321
237,1440540000.0,0.81,23912.0,74404.0,77.68,61.77,59.62,77.68,0.0,6.0221493,52.2132321
236,1440453600.0,0.86,23813.0,74536.0,68.09,58.76,58.76,68.09,0.0,6.0221493,52.2132321
235,1440367200.0,0.86,23714.0,74667.0,73.43,60.05,61.52,73.43,0.0,6.0221493,52.2132321
234,1440280800.0,0.48,23615.0,74797.0,78.43,61.52,58.65,78.43,0.0,6.0221493,52.2132321
233,1440194400.0,0.39,23516.0,74926.0,80.24,58.65,58.61,80.24,0.0,6.0221493,52.2132321
232,1440108000.0,0.69,23417.0,75054.0,79.2,58.61,56.99,79.2,0.0,6.0221493,52.2132321
231,1440021600.0,0.35,23318.0,75182.0,76.19,56.99,53.21,76.19,0.0,6.0221493,52.2132321
230,1439935200.0,0.69,23219.0,75308.0,71.0,53.21,55.88,71.0,0.0,6.0221493,52.2132321
229,1439848800.0,0.89,23120.0,75433.0,62.87,55.88,57.31,62.87,0.0,6.0221493,52.2132321
228,1439762400.0,0.92,23021.0,75557.0,59.59,57.98,55.21,59.59,0.0,6.0221493,52.2132321
227,1439676000.0,0.87,22922.0,75679.0,60.84,55.21,56.48,61.67,0.0,6.0221493,52.2132321
226,1439589600.0,0.81,22823.0,75801.0,72.85,59.22,61.79,72.85,0.0,6.0221493,52.2132321
225,1439503200.0,0.81,22725.0,75921.0,79.21,63.94,65.31,79.21,0.0,6.0221493,52.2132321
224,1439416800.0,0.51,22626.0,76040.0,83.4,65.31,58.78,83.4,0.0,6.0221493,52.2132321
223,1439330400.0,0.79,22528.0,76158.0,73.79,58.78,63.79,73.79,0.0,6.0221493,52.2132321
222,1439244000.0,0.66,22429.0,76274.0,78.36,63.79,58.42,78.36,0.0,6.0221493,52.2132321
221,1439157600.0,0.86,22331.0,76389.0,74.9,58.42,61.13,74.9,0.0,6.0221493,52.2132321
220,1439071200.0,0.55,22234.0,76503.0,75.81,61.13,53.69,75.81,0.0,6.0221493,52.2132321
219,1438984800.0,0.64,22136.0,76615.0,75.13,53.69,62.3,75.13,0.0,6.0221493,52.2132321
218,1438898400.0,0.67,22039.0,76725.0,82.13,62.63,59.26,82.13,0.0,6.0221493,52.2132321
217,1438812000.0,0.42,21943.0,76834.0,86.42,59.26,59.28,86.42,0.0,6.0221493,52.2132321
216,1438725600.0,0.48,21846.0,76941.0,78.53,59.28,52.31,78.53,0.0,6.0221493,52.2132321
215,1438639200.0,0.72,21751.0,77047.0,68.49,52.31,58.26,68.49,0.0,6.0221493,52.2132321
214,1438552800.0,0.35,21656.0,77151.0,90.32,64.19,58.09,90.32,0.0,6.0221493,52.2132321
213,1438466400.0,0.36,21561.0,77253.0,76.89,58.09,48.95,76.89,0.0,6.0221493,52.2132321
212,1438380000.0,0.48,21467.0,77353.0,73.16,48.95,47.63,73.16,0.0,6.0221493,52.2132321
272,1443564000.0,0.3,27357.0,69506.0,63.98,43.2,47.25,63.98,6.22,6.0221493,52.2132321
271,1443477600.0,0.28,27257.0,69647.0,63.79,47.25,43.82,63.79,5.98,6.0221493,52.2132321
270,1443391200.0,0.68,27157.0,69788.0,60.97,43.82,47.24,60.97,5.76,6.0221493,52.2132321
269,1443304800.0,0.45,27058.0,69930.0,63.3,47.24,44.01,63.3,6.22,6.0221493,52.2132321
268,1443218400.0,0.62,26958.0,70072.0,63.58,44.01,42.2,63.58,4.7,6.0221493,52.2132321
267,1443132000.0,0.85,26859.0,70214.0,61.02,42.2,50.23,61.02,3.86,6.0221493,52.2132321
266,1443045600.0,0.87,26760.0,70356.0,60.08,51.82,51.03,60.08,6.06,6.0221493,52.2132321
265,1442959200.0,0.83,26662.0,70498.0,64.2,51.03,49.13,64.2,4.28,6.0221493,52.2132321
264,1442872800.0,0.9,26563.0,70641.0,60.55,49.13,53.13,60.55,5.44,6.0221493,52.2132321
263,1442786400.0,0.82,26465.0,70783.0,64.5,53.54,51.4,64.5,5.59,6.0221493,52.2132321
262,1442700000.0,0.87,26366.0,70926.0,63.17,51.4,49.75,63.17,6.22,6.0221493,52.2132321
261,1442613600.0,0.87,26268.0,71068.0,63.4,49.75,53.56,63.4,4.58,6.0221493,52.2132321
260,1442527200.0,0.57,26170.0,71211.0,64.17,53.56,50.27,64.17,4.99,6.0221493,52.2132321
259,1442440800.0,0.74,26072.0,71353.0,60.42,50.27,54.06,60.44,5.7,6.0221493,52.2132321
258,1442354400.0,0.85,25974.0,71496.0,63.87,58.57,51.88,63.87,6.01,6.0221493,52.2132321
257,1442268000.0,0.6,25876.0,71638.0,61.58,51.88,49.33,61.58,6.22,6.0221493,52.2132321
256,1442181600.0,0.77,25778.0,71780.0,65.92,49.33,54.49,65.92,0.0,6.0221493,52.2132321
255,1442095200.0,0.8,25681.0,71922.0,66.34,56.69,57.39,66.34,0.0,6.0221493,52.2132321
254,1442008800.0,0.74,25583.0,72063.0,69.44,57.39,51.25,69.44,0.0,6.0221493,52.2132321
253,1441922400.0,0.33,25485.0,72205.0,67.74,51.25,47.58,67.74,0.0,6.0221493,52.2132321
252,1441836000.0,0.33,25387.0,72346.0,67.83,47.58,47.34,67.83,0.0,6.0221493,52.2132321
251,1441749600.0,0.57,25289.0,72487.0,66.07,47.34,47.14,66.07,0.0,6.0221493,52.2132321
250,1441663200.0,0.92,25191.0,72627.0,62.72,47.14,53.11,62.72,0.0,6.0221493,52.2132321
249,1441576800.0,0.88,25093.0,72767.0,63.31,53.63,53.77,63.31,0.0,6.0221493,52.2132321
248,1441490400.0,0.77,24995.0,72907.0,60.11,53.77,49.01,60.11,0.0,6.0221493,52.2132321
247,1441404000.0,0.68,24897.0,73046.0,59.75,49.01,51.16,59.75,0.0,6.0221493,52.2132321
246,1441317600.0,0.74,24799.0,73184.0,61.37,53.24,48.94,61.37,0.0,6.0221493,52.2132321
245,1441231200.0,0.61,24701.0,73322.0,62.09,51.61,46.95,62.09,0.0,6.0221493,52.2132321
244,1441144800.0,0.57,24602.0,73460.0,64.56,46.95,51.88,64.56,0.0,6.0221493,52.2132321
243,1441058400.0,0.76,24504.0,73597.0,65.38,51.88,56.05,66.85,0.0,6.0221493,52.2132321
303,1446246000.0,0.28,27019.0,61870.0,59.2,39.73,43.11,59.2,3.79,6.0221493,52.2132321
302,1446159600.0,0.38,26909.0,61983.0,59.44,43.11,42.01,59.44,4.24,6.0221493,52.2132321
301,1446073200.0,0.7,26800.0,62099.0,60.38,42.01,47.07,60.38,3.76,6.0221493,52.2132321
300,1445986800.0,0.72,26691.0,62215.0,53.87,51.55,43.07,53.87,3.18,6.0221493,52.2132321
299,1445900400.0,0.38,26582.0,62334.0,62.35,43.07,42.85,62.35,3.54,6.0221493,52.2132321
298,1445814000.0,0.46,26473.0,62453.0,61.09,42.85,41.37,61.09,5.33,6.0221493,52.2132321
297,1445724000.0,0.66,29960.0,66179.0,58.19,41.37,42.4,58.19,5.73,6.0221493,52.2132321
296,1445637600.0,0.98,29852.0,66301.0,56.49,49.86,50.51,56.49,6.22,6.0221493,52.2132321
295,1445551200.0,0.91,29744.0,66424.0,58.35,51.01,47.52,58.35,5.88,6.0221493,52.2132321
294,1445464800.0,0.98,29636.0,66548.0,57.14,47.52,50.56,57.14,3.42,6.0221493,52.2132321
293,1445378400.0,0.92,29529.0,66674.0,54.84,50.56,42.83,54.84,3.17,6.0221493,52.2132321
292,1445292000.0,0.86,29422.0,66801.0,53.01,42.83,43.53,53.01,2.96,6.0221493,52.2132321
291,1445205600.0,0.97,29315.0,66928.0,53.68,43.53,45.58,53.68,2.15,6.0221493,52.2132321
290,1445119200.0,0.96,29209.0,67057.0,47.28,47.17,40.3,47.7,1.84,6.0221493,52.2132321
289,1445032800.0,0.95,29103.0,67187.0,48.66,40.3,45.04,48.66,3.51,6.0221493,52.2132321
288,1444946400.0,0.92,28997.0,67317.0,46.38,45.04,43.56,46.38,2.6,6.0221493,52.2132321
287,1444860000.0,0.9,28892.0,67449.0,45.19,43.56,38.44,45.79,2.1,6.0221493,52.2132321
286,1444773600.0,0.92,28787.0,67581.0,42.96,38.44,38.57,42.96,4.34,6.0221493,52.2132321
285,1444687200.0,0.84,28683.0,67715.0,42.28,38.57,35.69,42.28,5.67,6.0221493,52.2132321
284,1444600800.0,0.44,28579.0,67849.0,49.01,35.69,33.72,49.01,6.22,6.0221493,52.2132321
283,1444514400.0,0.25,28475.0,67984.0,52.44,33.72,37.33,52.44,6.22,6.0221493,52.2132321
282,1444428000.0,0.69,28372.0,68119.0,57.49,37.33,45.0,57.49,4.97,6.0221493,52.2132321
281,1444341600.0,0.6,28269.0,68255.0,63.6,51.39,44.73,63.6,5.14,6.0221493,52.2132321
280,1444255200.0,0.95,28166.0,68392.0,59.48,44.73,53.83,59.48,4.54,6.0221493,52.2132321
279,1444168800.0,0.82,28064.0,68530.0,62.57,55.54,56.3,62.57,5.82,6.0221493,52.2132321
278,1444082400.0,0.86,27962.0,68668.0,63.15,56.3,55.43,63.15,4.32,6.0221493,52.2132321
277,1443996000.0,0.51,27860.0,68806.0,65.19,55.43,46.48,65.19,4.48,6.0221493,52.2132321
276,1443909600.0,0.57,27759.0,68945.0,66.45,46.48,45.58,66.45,2.34,6.0221493,52.2132321
275,1443823200.0,0.63,27658.0,69085.0,64.0,45.58,41.8,64.0,4.67,6.0221493,52.2132321
274,1443736800.0,0.26,27557.0,69225.0,65.5,41.8,40.66,65.5,5.18,6.0221493,52.2132321
273,1443650400.0,0.26,27457.0,69365.0,63.65,40.66,43.2,63.65,6.19,6.0221493,52.2132321
333,1448838000.0,0.83,30135.0,59384.0,51.33,43.63,44.15,53.14,5.21,6.0221493,52.2132321
332,1448751600.0,0.82,30046.0,59430.0,53.07,44.44,44.15,53.07,5.62,6.0221493,52.2132321
331,1448665200.0,0.73,29955.0,59480.0,46.86,42.57,39.43,46.86,5.53,6.0221493,52.2132321
330,1448578800.0,0.76,29863.0,59532.0,43.41,39.43,34.76,43.41,4.38,6.0221493,52.2132321
329,1448492400.0,0.4,29769.0,59587.0,48.48,34.42,33.11,48.48,4.48,6.0221493,52.2132321
328,1448406000.0,0.73,29674.0,59645.0,44.8,33.11,38.28,44.8,4.62,6.0221493,52.2132321
327,1448319600.0,0.87,29577.0,59706.0,37.48,38.27,36.3,40.12,4.54,6.0221493,52.2132321
326,1448233200.0,0.62,29478.0,59769.0,44.77,36.35,29.0,44.77,5.91,6.0221493,52.2132321
325,1448146800.0,0.57,29379.0,59836.0,40.74,29.0,33.45,40.74,6.08,6.0221493,52.2132321
324,1448060400.0,0.8,29278.0,59905.0,41.22,33.45,36.82,41.22,6.16,6.0221493,52.2132321
323,1447974000.0,0.76,29176.0,59976.0,47.55,37.86,40.31,47.68,6.22,6.0221493,52.2132321
322,1447887600.0,0.8,29073.0,60050.0,54.93,44.63,46.24,55.93,6.19,6.0221493,52.2132321
321,1447801200.0,0.88,28970.0,60127.0,57.19,53.65,52.27,58.25,6.01,6.0221493,52.2132321
320,1447714800.0,0.78,28865.0,60206.0,57.04,52.39,52.2,59.41,5.37,6.0221493,52.2132321
319,1447628400.0,0.91,28760.0,60287.0,55.22,52.13,52.13,56.31,5.88,6.0221493,52.2132321
318,1447542000.0,0.95,28653.0,60371.0,57.9,54.45,49.34,57.9,5.36,6.0221493,52.2132321
317,1447455600.0,0.71,28547.0,60457.0,50.62,47.22,43.71,50.62,5.76,6.0221493,52.2132321
316,1447369200.0,0.72,28439.0,60545.0,56.92,43.71,44.97,56.92,6.14,6.0221493,52.2132321
315,1447282800.0,0.86,28332.0,60635.0,59.85,54.55,53.87,59.85,6.22,6.0221493,52.2132321
314,1447196400.0,1.0,28223.0,60728.0,55.63,53.02,53.02,55.88,5.88,6.0221493,52.2132321
313,1447110000.0,0.92,28115.0,60822.0,58.69,53.33,55.56,58.69,4.18,6.0221493,52.2132321
312,1447023600.0,0.86,28006.0,60919.0,57.54,53.14,53.14,61.51,6.11,6.0221493,52.2132321
311,1446937200.0,0.84,27896.0,61017.0,58.8,56.43,50.65,60.08,4.73,6.0221493,52.2132321
310,1446850800.0,0.9,27787.0,61118.0,63.93,50.65,58.87,63.93,5.31,6.0221493,52.2132321
309,1446764400.0,0.9,27677.0,61220.0,60.55,58.87,56.47,61.34,4.32,6.0221493,52.2132321
308,1446678000.0,0.88,27568.0,61324.0,58.29,56.47,51.43,58.29,5.13,6.0221493,52.2132321
307,1446591600.0,0.77,27458.0,61430.0,60.94,51.43,44.26,60.94,6.03,6.0221493,52.2132321
306,1446505200.0,0.47,27348.0,61537.0,59.55,44.26,36.0,59.55,4.51,6.0221493,52.2132321
305,1446418800.0,0.46,27238.0,61646.0,55.17,36.0,37.32,55.17,1.79,6.0221493,52.2132321
304,1446332400.0,0.31,27129.0,61757.0,61.36,37.32,39.73,61.36,2.72,6.0221493,52.2132321
364,1451516400.0,0.59,31587.0,59606.0,51.49,37.9,41.48,51.49,6.09,6.0221493,52.2132321
363,1451430000.0,0.39,31588.0,59548.0,48.88,42.21,41.71,48.88,6.22,6.0221493,52.2132321
362,1451343600.0,0.46,31586.0,59494.0,50.7,41.71,41.3,50.7,6.22,6.0221493,52.2132321
361,1451257200.0,0.5,31580.0,59443.0,53.09,41.67,43.23,53.9,6.09,6.0221493,52.2132321
360,1451170800.0,0.96,31571.0,59395.0,54.99,43.38,49.98,55.14,6.22,6.0221493,52.2132321
359,1451084400.0,0.81,31558.0,59350.0,57.77,50.28,51.95,57.77,6.09,6.0221493,52.2132321
358,1450998000.0,0.86,31542.0,59309.0,48.89,51.56,43.94,54.64,5.83,6.0221493,52.2132321
357,1450911600.0,0.69,31523.0,59271.0,55.82,43.94,43.95,55.82,6.22,6.0221493,52.2132321
356,1450825200.0,0.67,31500.0,59236.0,53.77,43.95,45.48,55.3,6.07,6.0221493,52.2132321
355,1450738800.0,0.87,31473.0,59204.0,56.78,52.16,50.34,56.8,6.09,6.0221493,52.2132321
354,1450652400.0,0.83,31444.0,59176.0,51.06,49.82,47.87,53.41,5.97,6.0221493,52.2132321
353,1450566000.0,0.79,31411.0,59152.0,54.95,48.5,51.75,54.95,6.22,6.0221493,52.2132321
352,1450479600.0,0.96,31374.0,59131.0,56.26,51.75,51.23,56.26,5.54,6.0221493,52.2132321
351,1450393200.0,0.91,31335.0,59113.0,54.44,51.23,51.48,55.04,6.06,6.0221493,52.2132321
350,1450306800.0,0.78,31292.0,59099.0,59.62,52.3,53.7,59.62,5.43,6.0221493,52.2132321
349,1450220400.0,0.97,31246.0,59088.0,54.73,53.55,46.61,54.73,3.29,6.0221493,52.2132321
348,1450134000.0,0.82,31197.0,59081.0,49.74,45.65,41.37,49.74,4.09,6.0221493,52.2132321
347,1450047600.0,0.89,31145.0,59077.0,50.33,41.37,41.84,50.33,4.42,6.0221493,52.2132321
346,1449961200.0,0.83,31090.0,59077.0,48.13,41.54,41.3,52.33,5.74,6.0221493,52.2132321
345,1449874800.0,0.61,31032.0,59080.0,47.64,42.98,38.24,51.97,6.06,6.0221493,52.2132321
344,1449788400.0,0.86,30971.0,59087.0,46.01,39.13,40.4,46.01,5.14,6.0221493,52.2132321
343,1449702000.0,0.91,30907.0,59097.0,45.85,40.4,39.95,45.85,6.19,6.0221493,52.2132321
342,1449615600.0,0.31,30841.0,59111.0,49.52,41.01,40.84,50.11,6.22,6.0221493,52.2132321
341,1449529200.0,0.41,30772.0,59128.0,55.19,42.12,46.1,55.19,5.64,6.0221493,52.2132321
340,1449442800.0,0.75,30700.0,59149.0,53.64,46.1,46.97,53.64,4.15,6.0221493,52.2132321
339,1449356400.0,0.89,30626.0,59173.0,53.37,50.51,44.47,53.37,5.34,6.0221493,52.2132321
338,1449270000.0,0.58,30550.0,59200.0,47.37,44.32,44.3,47.37,6.22,6.0221493,52.2132321
337,1449183600.0,0.64,30471.0,59230.0,50.66,44.33,46.09,50.66,5.9,6.0221493,52.2132321
336,1449097200.0,0.93,30390.0,59264.0,50.76,46.28,46.75,50.76,6.22,6.0221493,52.2132321
335,1449010800.0,0.91,30307.0,59301.0,52.03,48.11,49.26,52.03,6.22,6.0221493,52.2132321
334,1448924400.0,0.88,30222.0,59341.0,52.14,50.13,43.39,52.14,5.22,6.0221493,52.2132321
